{
  "act": [
    {"img_link": "images/movies/DieHard.jpg",
      "img_caption": "Die Hard",
      "isbn": "IMDb Rating: 8.2/10",
      "storefront": "https://www.imdb.com/title/tt0095016/?ref_=fn_al_tt_1",
      "author": "20th Century Fox",
      "alt_img": "Movie Cover: the lower left corner is black and contains information about the movie, the rest is populated by an exploding skyscraper and Bruce Willis' face",
      "descr": "A New York City police officer tries to save his estranged wife and several others taken hostage by terrorists during a Christmas party at the Nakatomi Plaza in Los Angeles."
    },
    {"img_link": "images/movies/Hardcore.jpg",
      "img_caption": "Hardcore Henry",
      "isbn": "IMDb: 4.8/10",
      "storefront": "https://www.imdb.com/title/tt3072482/?ref_=fn_al_tt_2",
      "author": "Ilya Naishuller",
      "alt_img": "Movie Cover: POV a person holding two uns jumping upside down out of an airplane onto a city",
      "descr": "Filmed out of the POV of the protagonist Henry, who is resurrected from death with no memory, and he must save his wife from a telekinetic warlord with a plan to bio-engineer soldiers."
    },
    {"img_link": "images/movies/cocainebear.jpeg",
      "img_caption": "Cocaine Bear",
      "isbn": "IMDb: 6.0/10",
      "storefront": "https://www.imdb.com/title/tt14209916/?ref_=fn_al_tt_1",
      "author": "Elizabeth Banks",
      "alt_img": "Movie Cover: Cocaine Bear",
      "descr": "An oddball group of cops, criminals, tourists and teens converge on a Georgia forest where a huge black bear goes on a murderous rampage after unintentionally ingesting cocaine."
    },
    {"img_link": "images/movies/dune.jpeg",
      "img_caption": "Dune",
      "isbn": "IMDb: 8.0/10",
      "storefront": "https://www.imdb.com/title/tt1160419/?ref_=nv_sr_srsg_0_tt_8_nm_0_q_dune",
      "author": "Denis Villeneuve",
      "alt_img": "Movie Cover: Dune",
      "descr": "“Dune” tells the story of Paul Atreides, a gifted young man born into a great destiny, who must travel to the most dangerous planet in the universe to ensure the future of his people."
    },
    {"img_link": "images/movies/lostcity.jpeg",
      "img_caption": "The Lost City",
      "isbn": "IMDb: 6.1/10",
      "storefront": "https://www.imdb.com/title/tt13320622/?ref_=fn_al_tt_1",
      "author": "Aaron Nee & Adam Nee",
      "alt_img": "Movie Cover: The Lost City",
      "descr": "After being kidnapped by a villainous treasure hunter, a successful romance novelist is forced to team up with her cover model as they are swept into a cutthroat jungle adventure that proves stranger than fiction."
    },
    {"img_link": "images/movies/httyd.jpeg",
      "img_caption": "How to Train Your Dragon",
      "isbn": "IMDb: 8.1/10",
      "storefront": "https://www.imdb.com/title/tt0892769/?ref_=nv_sr_srsg_3_tt_8_nm_0_q_how%2520to%2520",
      "author": "Dean DeBlois & Chris Sanders",
      "alt_img": "Movie Cover: How to Train Your Dragon",
      "descr": "A hapless young Viking who aspires to hunt dragons becomes the unlikely friend of a young dragon himself, and learns there may be more to the creatures than he assumed."
    },
    {"img_link": "images/movies/jurassicworld.jpeg",
      "img_caption": "Jurassic World Dominion",
      "isbn": "IMDb: 5.6/10",
      "storefront": "https://www.imdb.com/title/tt8041270/?ref_=fn_al_tt_1",
      "author": "Colin Trevorrow",
      "alt_img": "Movie Cover: Jurassic World Dominion",
      "descr": "With Earth once again dominated by prehistoric predators, two generations of heroes must unite for a globe-spanning adventure to shape the destiny of humans and dinosaurs."
    },
    {"img_link": "images/movies/thehost.jpeg",
      "img_caption": "The Host",
      "isbn": "IMDb: 5.8/10",
      "storefront": "https://www.imdb.com/title/tt1517260/?ref_=fn_al_tt_2",
      "author": "Andrew Niccol",
      "alt_img": "Movie Cover: the Host",
      "descr": "When an unseen enemy threatens mankind by taking over their bodies and erasing their memories, Melanie Stryder risks everything to protect the people she cares about."
    },
    {"img_link": "images/movies/thegiver.jpeg",
      "img_caption": "The Giver",
      "isbn": "IMDb: 6.4/10",
      "storefront": "https://www.imdb.com/title/tt0435651/?ref_=fn_al_tt_1",
      "author": "Phillip Noyce",
      "alt_img": "Movie Cover: the Giver",
      "descr": "In a seemingly perfect community without war, pain, suffering, differences, or choices, a young boy is chosen to learn from an elderly man about the true pain and pleasure of the 'real' world."
    }
  ],
  "crime": [
    {"img_link": "images/movies/johnwick.jpeg",
      "img_caption": "John Wick: Chapter 4",
      "isbn": "IMDb: 7.9/10",
      "storefront": "https://www.imdb.com/title/tt10366206/?ref_=adv_li_tt",
      "author": "Chad Stahelski",
      "alt_img": "Movie Cover: John Wick: Chapter 4",
      "descr": "John Wick uncovers a path to defeating The High Table. But before he can earn his freedom, Wick must face off against a new enemy with powerful alliances across the globe and forces that turn old friends into foes."},
    {"img_link": "images/movies/crowdedroom.jpeg",
      "img_caption": "The Crowded Room",
      "isbn": "IMDb: 6.9/10",
      "storefront": "https://www.imdb.com/title/tt14417718/?ref_=adv_li_tt",
      "author": "Akiva Goldsman & Todd Graff",
      "alt_img": "Movie Cover: The Crowed Room",
      "descr": "In Manhattan in the summer of 1979, a young man is arrested for a shocking crime, and an unlikely investigator must solve the mystery behind it before the true criminal strikes again."
    },
    {"img_link": "images/movies/fastx.jpeg",
      "img_caption": "Fast X",
      "isbn": "IMDb: 6.0/10",
      "storefront": "https://www.imdb.com/title/tt5433140/?ref_=adv_li_tt",
      "author": "Louis Leterrier",
      "alt_img": "Movie Cover: Fast X",
      "descr": "Dom Toretto and his family are targeted by the vengeful son of drug kingpin Hernan Reyes."
    },
    {"img_link": "images/movies/killersoftheflowermoon.jpeg",
      "img_caption": "Killers of the Flower Moon",
      "isbn": "IMDb: coming soon",
      "storefront": "https://www.imdb.com/title/tt5537002/?ref_=adv_li_tt",
      "author": "Martin Scorsese",
      "alt_img": "Movie Cover: Killers of the Flower Moon",
      "descr": "Members of the Osage tribe in the United States are murdered under mysterious circumstances in the 1920s, sparking a major F.B.I. investigation involving J. Edgar Hoover."
    },
    {"img_link": "images/movies/loveanddeath.jpeg",
      "img_caption": "Love & Death",
      "isbn": "IMDb: 7.6/10",
      "storefront": "https://www.imdb.com/title/tt14586350/fullcredits?ref_=tt_ov_wr_sm",
      "author": "David E. Kelley",
      "alt_img": "Movie Cover: Love & Death",
      "descr": "wo churchgoing couples enjoy small town family life in Texas - until somebody picks up an axe."
    },
    {"img_link": "images/movies/sherlockholmes.jpeg",
      "img_caption": "Sherlock Holmes",
      "isbn": "IMDb: 7.6/10",
      "storefront": "https://www.imdb.com/title/tt0988045/?ref_=nv_sr_srsg_3_tt_8_nm_0_q_sherlock",
      "author": "Guy Ritchie",
      "alt_img": "Movie Cover: Sherlock Holmes",
      "descr": "Detective Sherlock Holmes and his stalwart partner Watson engage in a battle of wits and brawn with a nemesis whose plot is a threat to all of England."
    }
  ],
  "fantasy": [
    {"img_link": "images/movies/hoteltransilvania.jpeg",
      "img_caption": "Hotel Transylvania",
      "isbn": "IMDb: 7.0/10",
      "storefront": "https://www.imdb.com/title/tt0837562/?ref_=nv_sr_srsg_0_tt_8_nm_0_q_hotel%2520trans",
      "author": "Genndy Tartakovsky",
      "alt_img": "Movie Cover: Hotel Transylvania",
      "descr": "Dracula, who operates a high-end resort away from the human world, goes into overprotective mode when a boy discovers the resort and falls for the count's teenaged daughter."
    },
      {"img_link": "images/movies/addamsfamily.jpeg",
      "img_caption": "The Addams Family",
      "isbn": "IMDb: 5.8/10",
      "storefront": "https://www.imdb.com/title/tt1620981/?ref_=nv_sr_srsg_5_tt_8_nm_0_q_the%2520addams",
      "author": "Greg Tiernan & Conrad Vernon",
      "alt_img": "Movie Cover: The Addams Family",
      "descr": "The eccentrically macabre family moves to a bland suburb where Wednesday Addams' friendship with the daughter of a hostile and conformist local reality show host exacerbates conflict between the families."
    },
    {"img_link": "images/movies/theendless.jpeg",
      "img_caption": "The Endless",
      "isbn": "IMDb: 6.5/10",
      "storefront": "https://www.imdb.com/title/tt3986820/?ref_=nv_sr_srsg_0_tt_8_nm_0_q_the%2520endless",
      "author": "Justin Benson & Aaron Moorhead",
      "alt_img": "Movie Cover: The Endless",
      "descr": "As kids, they escaped a UFO death cult. Now, two adult brothers seek answers after an old videotape surfaces and brings them back to where they began."
    },
    {"img_link": "images/movies/mortalengines.jpeg",
      "img_caption": "Mortal Engines",
      "isbn": "IMDb: 6.1/10",
      "storefront": "https://www.imdb.com/title/tt1571234/?ref_=nv_sr_srsg_4_tt_8_nm_0_q_mortal",
      "author": "Christian Rivers",
      "alt_img": "Movie Cover: Mortal Engines",
      "descr": "In a post-apocalyptic world where cities ride on wheels and consume each other to survive, two people meet in London and try to stop a conspiracy."
    },
    {"img_link": "images/movies/harrypotter.jpeg",
      "img_caption": "Harry Potter and the Sorcerer's Stone",
      "isbn": "IMDb: 7.6/10",
      "storefront": "https://www.imdb.com/title/tt0241527/?ref_=nv_sr_srsg_0_tt_8_nm_0_q_harry%2520potter",
      "author": "Chris Columbus",
      "alt_img": "Movie Cover: Harry Potter and the Sorcerer's Stone",
      "descr": "An orphaned boy enrolls in a school of wizardry, where he learns the truth about himself, his family and the terrible evil that haunts the magical world."
    },
    {"img_link": "images/movies/spiderman.jpeg",
      "img_caption": "Spider-Man: No Way Home",
      "isbn": "IMDb: 8.2/10",
      "storefront": "https://www.imdb.com/title/tt10872600/?ref_=nv_sr_srsg_1_tt_8_nm_0_q_spiderman%2520no%2520way%2520",
      "author": "Jon Watts",
      "alt_img": "Movie Cover: Spider-Man: No Way Home",
      "descr": "With Spider-Man's identity now revealed, Peter asks Doctor Strange for help. When a spell goes wrong, dangerous foes from other worlds start to appear, forcing Peter to discover what it truly means to be Spider-Man."
    }
  ],
  "horror": [
    {"img_link": "images/movies/scream.jpeg",
      "img_caption": "Scream 6",
      "isbn": "IMDb: 6.6/10",
      "storefront": "https://www.imdb.com/title/tt17663992/?ref_=nv_sr_srsg_0_tt_8_nm_0_q_scream",
      "author": "Matt Bettinelli-Olpin & Tyler Gillett",
      "alt_img": "Movie Cover: Scream 6",
      "descr": "In the next installment, the survivors of the Ghostface killings leave Woodsboro behind and start a fresh chapter in New York City."
    },
      {"img_link": "images/movies/smile.jpeg",
      "img_caption": "Smile",
      "isbn": "IMDb: 6.5/10",
      "storefront": "https://www.imdb.com/title/tt15474916/?ref_=nv_sr_srsg_0_tt_8_nm_0_q_smile",
      "author": "Parker Finn",
      "alt_img": "Movie Cover: Smile",
      "descr": "After witnessing a bizarre, traumatic incident involving a patient, a psychiatrist becomes increasingly convinced she is being threatened by an uncanny entity."
    },
    {"img_link": "images/movies/halloweenends.jpeg",
      "img_caption": "Halloween Ends",
      "isbn": "IMDb: 5.0/10",
      "storefront": "https://www.imdb.com/title/tt10665342/?ref_=fn_al_tt_1",
      "author": "David Gordon Green",
      "alt_img": "Movie Cover: Halloween Ends",
      "descr": "The saga of Michael Myers and Laurie Strode comes to a spine-chilling climax in the final installment of this trilogy."
    },
    {"img_link": "images/movies/motherly.jpeg",
      "img_caption": "Motherly",
      "isbn": "IMDb: 5.0/10",
      "storefront": "https://www.imdb.com/title/tt11464730/?ref_=nv_sr_srsg_0_tt_8_nm_0_q_motherly",
      "author": "Craig Wallace",
      "alt_img": "Movie Cover: Motherly",
      "descr": "Kate (Lora Burke) and her daughter Beth live alone in an isolated farmhouse in the woods, but when Kate slowly begins to suspect that something sinister is happening, her motherly instincts are put to the test."
    },
    {"img_link": "images/movies/conjuring.jpeg",
      "img_caption": "The Conjuring",
      "isbn": "IMDb: 7.5/10",
      "storefront": "https://www.imdb.com/title/tt1457767/?ref_=nv_sr_srsg_1_tt_7_nm_0_q_conjur",
      "author": "James Wan",
      "alt_img": "Movie Cover: ",
      "descr": "Paranormal investigators Ed and Lorraine Warren work to help a family terrorized by a dark presence in their farmhouse."
    },
    {"img_link": "images/movies/blackdemon.jpeg",
      "img_caption": "The Black Demon",
      "isbn": "IMDb: 3.6/10",
      "storefront": "https://www.imdb.com/title/tt10279472/?ref_=fn_al_tt_1",
      "author": "Adrian Grunberg",
      "alt_img": "Movie Cover: The Black Demon",
      "descr": "Stranded on a crumbling rig in Baja, a family faces off against a vengeful megalodon shark."
    },
    {"img_link": "images/movies/fearstreet.jpeg",
      "img_caption": "Fear Street: Part One - 1994",
      "isbn": "IMDb: 6.2/10",
      "storefront": "https://www.imdb.com/title/tt6566576/?ref_=nv_sr_srsg_0_tt_7_nm_1_q_feer%2520street",
      "author": "Leigh Janiak",
      "alt_img": "Movie Cover: Fear Street: Part One - 1994",
      "descr": "A circle of teenage friends accidentally encounter the ancient evil responsible for a series of brutal murders that have plagued their town for over 300 years. Welcome to Shadyside."
    }
  ],
  "romance": [
    {"img_link": "images/movies/tickettoparadise.jpeg",
      "img_caption": "Ticket to Paradise",
      "isbn": "IMDb: 6.1/10",
      "storefront": "https://www.imdb.com/title/tt14109724/?ref_=nv_sr_srsg_0_tt_8_nm_0_q_ticket%2520to",
      "author": "Ol Parker",
      "alt_img": "Movie Cover: Ticket to Paradise",
      "descr": "A divorced couple teams up and travels to Bali to stop their daughter from making the same mistake they think they made 25 years ago."
    },
    {"img_link": "images/movies/shotgunwedding.jpeg",
      "img_caption": "Shotgun Wedding",
      "isbn": "IMDb: 5.5/10",
      "storefront": "https://www.imdb.com/title/tt9686790/?ref_=nv_sr_srsg_0_tt_8_nm_0_q_shotgun%2520wedding",
      "author": "Jason Moore",
      "alt_img": "Movie Cover: Shotgun Wedding",
      "descr": "Darcy and Tom gather their families for the ultimate destination wedding but when the entire wedding party is taken hostage the bride and groom must save their loved ones--if they don't kill each other first."
    },
    {"img_link": "images/movies/silverlinings.jpeg",
      "img_caption": "Silver Linings Playbook",
      "isbn": "IMDb: 7.7/10",
      "storefront": "https://www.imdb.com/title/tt1045658/?ref_=nv_sr_srsg_0_tt_7_nm_1_q_silver%2520lining",
      "author": "David O. Russell",
      "alt_img": "Movie Cover: Silver Linings Playbook",
      "descr": "After a stint in a mental institution, former teacher Pat Solitano moves back in with his parents and tries to reconcile with his ex-wife. Things get more challenging when Pat meets Tiffany, a mysterious girl with problems of her own."
    },
    {"img_link": "images/movies/forrestgump.jpeg",
      "img_caption": "Forrest Gump",
      "isbn": "IMDb: 8.8/10",
      "storefront": "https://www.imdb.com/title/tt0109830/?ref_=nv_sr_srsg_0_tt_6_nm_2_q_forrest%2520gump",
      "author": "Robert Zemeckis",
      "alt_img": "Movie Cover: Forrest Gump",
      "descr": "The history of the United States from the 1950s to the '70s unfolds from the perspective of an Alabama man with an IQ of 75, whose only desire is to be reunited with his childhood sweetheart."
    },
    {"img_link": "images/movies/badteacher.jpeg",
      "img_caption": "Bad Teacher",
      "isbn": "IMDb: 5.6/10",
      "storefront": "https://www.imdb.com/title/tt1284575/?ref_=nv_sr_srsg_0_tt_8_nm_0_q_bad%2520teacher",
      "author": "Jake Kasdan",
      "alt_img": "Movie Cover: Bad Teacher",
      "descr": "A lazy, incompetent middle school teacher who hates her job, her students, and her co-workers is forced to return to teaching to make enough money for breast implants after her wealthy fiancé dumps her."
    },
    {"img_link": "images/movies/cinderella.jpeg",
      "img_caption": "Cinderella",
      "isbn": "IMDb: 6.9/10",
      "storefront": "https://www.imdb.com/title/tt1661199/?ref_=nv_sr_srsg_0_tt_8_nm_0_q_cinderella",
      "author": "Kenneth Branagh",
      "alt_img": "Movie Cover: Cinderella",
      "descr": "When her father unexpectedly dies, young Ella finds herself at the mercy of her cruel stepmother and her scheming stepsisters. Never one to give up hope, Ella's fortunes begin to change after meeting a dashing stranger."
    }
  ]
}